<?xml version="1.0"?>
<!DOCTYPE cross-domain-policy SYSTEM "http://www.adobe.com/xml/dtds/cross-domain-policy.dtd">
<cross-domain-policy>
  <site-control permitted-cross-domain-policies="master-only"/>
  <allow-access-from domain="pixlr.com"/>
  <allow-http-request-headers-from domain="pixlr.com" headers="*" secure="true"/>
  <allow-access-from-identity>
    <signatory>
      <certificate fingerprint="" fingerprint-algorithm=""/>
    </signatory>
  </allow-access-from-identity>
</cross-domain-policy>

